id_usuario;id_videojuego;cantidad
89;5503;225
110;493;463
64;1068;22
97;126;52
99;1384;458
116;1070;143
22;9730;713
110;375;672
116;20;146
131;1068;722
145;5503;458
54;74;305
97;375;499
102;49;673
112;498;619
112;76;276
47;74;402
54;549;705
77;493;245
89;498;601
107;1384;60
119;2031;61
131;74;11
150;1068;581
107;74;585
108;20;622
111;6036;519
125;5503;222
126;1074;84
9;126;308
40;498;217
64;11208;431
104;20;630
135;1068;710
89;1068;132
96;17000;27
115;1384;459
143;18;88
77;9630;53
97;17000;703
99;2031;53
110;230;570
110;549;363
148;239;483
99;18;639
145;239;352
146;74;456
54;239;240
120;493;188
125;7334;503
125;18;534
41;1074;103
47;7334;436
90;2031;656
103;7334;403
112;9630;574
133;2031;481
146;1070;466
11;11208;121
77;9730;671
102;1068;334
106;493;385
106;1384;435
107;18;102
112;1068;511
120;6036;520
122;11208;3
146;76;430
54;17000;11
106;74;471
115;126;364
124;7334;465
125;74;188
12;74;431
107;731;223
143;74;537
22;2031;293
96;239;606
100;74;164
105;1074;512
120;2031;98
127;26758;195
147;74;269
22;1384;484
45;1068;704
123;1068;406
95;2031;298
105;731;421
125;9730;379
99;17000;339
104;498;193
109;76;477
143;1074;33
40;230;186
146;375;309
87;1068;520
97;230;559
127;498;392
148;375;204
10;74;600
23;375;234
27;493;508
99;5503;269
40;20;520
78;2031;18
91;2031;400
115;11208;549
116;76;29
128;7334;429
137;2031;434
148;2031;589
54;731;349
74;731;51
118;18;446
131;2031;590
129;1068;495
9;6036;73
38;74;678
89;20;193
110;9630;327
129;2031;436
142;1074;427
23;6036;184
89;9630;336
96;230;256
97;26758;435
99;126;185
101;9730;153
102;74;40
107;1068;619
116;731;267
116;9730;658
125;1070;125
79;74;614
80;74;110
107;1070;562
112;11208;449
93;549;357
102;2031;447
104;126;554
109;1384;34
122;1070;609
122;549;387
141;74;446
40;549;306
40;26758;622
102;2;548
122;9630;233
123;2031;157
126;2031;379
134;2031;384
139;74;392
146;5503;381
94;74;185
102;7334;153
102;26758;280
108;239;340
79;239;597
99;76;56
107;17000;635
124;2031;563
125;26758;61
130;2031;201
133;230;263
9;26758;224
40;9730;19
125;2031;99
132;2031;716
150;6036;620
9;1942;0
9;358;0.25
9;7346;0.5
9;545;0.75
9;73;0.75
9;1262;0.75
9;15;0.75
9;1871;1.25
9;16;1.5
9;537;1.75
9;71;1.75
9;343;2.25
9;14593;2.5
9;247;3.25
9;128;3.75
9;1970;3.75
9;327;4
9;124;4
9;6036;4
9;427;4.25
9;37;4.25
9;1331;4.75
9;1011;5
9;538;5
9;126;10.5
9;673;16
9;26758;23.5
9;132;24
9;472;24
9;730;48
9;1887;48
9;533;48
9;622;52
9;43;52
9;7351;52
9;11133;52
9;501;60
9;1266;100
10;1266;0
10;247;0
10;2993;0.5
10;431;1.5
10;5503;1.5
10;472;2.5
10;40;2.5
10;8173;2.75
10;1802;2.75
10;500;3
10;1352;3.25
10;73;4
10;512;4.75
10;1372;4.75
10;19560;5
10;75;10
10;109;10
10;126;15
10;1970;16
10;74;22.5
10;12517;48
10;434;60
10;1020;60
10;537;75
10;11156;75
10;379;80.25
10;1011;90
10;538;90
11;11198;0
11;1266;0
11;673;0
11;15;0
11;1011;0
11;16;0
11;327;0.25
11;7331;0.25
11;59;0.25
11;19560;0.5
11;623;1
11;1942;1
11;533;1
11;2155;1.25
11;545;1.25
11;73;1.25
11;622;1.5
11;960;1.5
11;72;1.5
11;11133;1.5
11;71;2.25
11;7599;2.5
11;8173;2.5
11;427;2.75
11;1871;3.5
11;6801;3.5
11;113;3.5
11;75;3.5
11;12517;3.75
11;730;4.5
11;40;4.75
11;1802;5
11;2993;16
11;478;24
11;1970;24
11;239;44
11;11208;44.5
11;109;48
11;21;52
11;1020;52
11;7323;52
11;1985;75
11;128;80.25
11;1121;90
11;529;90
12;116;0.25
12;14593;0.25
12;1331;1
12;1942;1
12;974;1.25
12;7331;1.5
12;1887;1.5
12;979;1.75
12;434;2
12;379;2
12;358;2.5
12;1026;2.5
12;19565;2.75
12;7344;2.75
12;1802;2.75
12;1871;3
12;75;3
12;1352;3.75
12;1262;5
12;7346;5
12;26758;8.5
12;231;32
12;74;41
12;11198;48
12;427;52
12;7342;60
12;12517;75
12;2993;75
12;247;80.25
12;673;90
12;8173;90
12;472;100
13;1009;0
13;493;0.5
13;529;1
13;1985;1.5
13;8173;1.75
13;343;2.25
13;75;2.75
13;11198;3.75
13;1942;4.25
13;379;4.5
13;500;4.75
13;673;4.75
13;231;10
13;121;90
13;;149
19;974;1
19;1802;1.75
19;1331;2
19;1942;2.5
19;673;2.75
19;16;2.75
19;427;3
19;501;3.25
19;1121;3.5
19;1029;4
19;8173;4.75
19;7346;5
19;1871;10
19;498;26.5
19;9730;27
19;7342;32
19;1384;38
19;14593;60
19;1262;90
19;;409
22;1262;0
22;733;0
22;8173;0.25
22;39;1
22;16;1
22;21;1.25
22;109;1.25
22;500;1.5
22;75;2
22;116;2.75
22;1887;3.25
22;673;3.25
22;1121;3.5
22;7351;3.5
22;40;3.75
22;72;4.25
22;960;4.25
22;1970;4.25
22;6801;4.5
22;73;10
22;1384;12.5
22;472;16
22;9730;22
22;501;32
22;2031;36.5
22;37;75
22;121;90
22;434;90
23;327;0
23;43;0.25
23;379;0.25
23;1942;0.75
23;537;1
23;247;1
23;1020;1.25
23;7344;1.25
23;1802;1.75
23;974;1.75
23;478;2
23;1262;2
23;358;2.25
23;501;2.25
23;1011;2.75
23;124;3.25
23;39;3.5
23;11156;3.5
23;73;3.5
23;375;3.5
23;72;3.75
23;533;3.75
23;75;4
23;25076;4.25
23;500;4.25
23;472;4.25
23;132;4.75
23;1266;4.75
23;6036;11.5
23;11198;16
23;2993;24
23;19565;32
23;730;48
23;7342;52
23;431;52
23;1887;52
23;559;52
23;960;52
23;12517;75
23;19560;90
23;1372;100
27;7351;0.25
27;1871;0.5
27;427;1
27;501;1.5
27;1352;2
27;559;3.5
27;247;3.75
27;1020;3.75
27;127;4
27;1887;10
27;493;13
27;730;16
27;343;32
27;9730;43
27;537;75
28;533;0
28;75;0
28;1262;0
28;427;0
28;3025;0
28;537;0
28;673;0.25
28;733;0.25
28;1802;0.25
28;1029;0.5
28;7599;0.75
28;59;1
28;623;1
28;529;1
28;1871;1.5
28;559;1.5
28;11198;1.75
28;501;1.75
28;7342;2
28;1331;2
28;1011;2
28;25076;2
28;37;2.5
28;113;2.5
28;8173;2.5
28;233;2.75
28;12517;3
28;127;3
28;7344;3.25
28;472;3.25
28;14593;3.5
28;7334;3.5
28;1026;3.5
28;358;3.5
28;6801;3.75
28;1164;3.75
28;434;3.75
28;538;3.75
28;979;4.5
28;43;4.5
28;1942;5
28;545;10
28;230;12
28;493;15.5
28;1266;16
28;7351;24
28;974;32
28;40;32
28;20;41
28;1074;47
28;2993;48
28;21;52
28;16;52
28;109;52
28;478;90
28;;111
30;1262;1.5
30;7331;1.5
30;1164;2
30;472;3.25
30;5503;4
30;8173;4.75
30;14593;5
30;501;5
30;17000;12
30;559;24
30;1942;24
30;427;32
30;549;33
30;730;48
30;72;48
30;1372;48
30;128;52
30;7342;75
30;116;80.25
30;545;90
30;19565;90
30;59;100
30;;707
32;7344;0.25
32;16;0.25
32;72;0.25
32;14593;0.5
32;1871;0.5
32;1887;0.75
32;529;0.75
32;1352;1.5
32;7351;2
32;7323;2.25
32;1011;2.25
32;75;2.25
32;7342;2.75
32;1970;2.75
32;2993;3.25
32;231;3.5
32;1802;4.5
32;1266;4.5
32;545;4.5
32;1985;5
32;1331;5
32;623;5
32;533;5
32;247;24
32;559;24
32;126;28.5
32;1020;32
32;730;32
32;8173;48
32;1262;60
32;622;75
32;733;75
32;109;100
32;;333
35;1985;0
35;733;0
35;1029;0
35;11198;0.5
35;1331;0.75
35;974;0.75
35;1011;1
35;1942;1
35;1871;1.75
35;1026;1.75
35;1164;2
35;1020;2.5
35;14593;2.75
35;12517;3.5
35;7344;4.25
35;7346;4.75
35;427;4.75
35;18;5
35;2155;5
35;1887;5
35;9630;7
35;1262;10
35;501;16
35;113;16
35;1074;20.5
35;76;21.5
35;358;32
35;673;32
35;7342;52
35;1802;80.25
35;478;80.25
35;233;90
35;8173;100
35;;702
36;733;0
36;8173;0
36;2155;0.25
36;500;0.5
36;974;0.5
36;15;1
36;1985;1
36;9630;1
36;7346;1
36;529;1.25
36;38;1.5
36;39;1.75
36;2207;1.75
36;1026;1.75
36;623;2
36;427;2.25
36;3025;2.25
36;7344;2.5
36;1970;2.5
36;7323;2.5
36;1942;3
36;559;3.25
36;1266;3.5
36;1331;4
36;116;4
36;25076;4.25
36;7599;4.5
36;327;4.75
36;127;5
36;493;9.5
36;20;12
36;375;12.5
36;730;24
36;14593;24
36;18;27
36;545;32
36;1070;33
36;1384;45.5
36;12517;48
36;732;60
36;11198;60
36;1011;75
36;7342;75
36;37;75
36;478;80.25
36;247;80.25
36;501;90
36;;86
38;327;0
38;7323;0
38;500;0
38;14593;0.75
38;113;0.75
38;1011;0.75
38;1985;1
38;501;1
38;73;1
38;472;1
38;559;1.25
38;1020;1.25
38;343;1.25
38;1331;1.75
38;124;1.75
38;59;2.25
38;15;2.25
38;37;2.25
38;12517;2.5
38;38;3
38;7346;3.25
38;11198;3.25
38;731;3.5
38;109;3.5
38;478;3.75
38;1942;4
38;379;4
38;7344;4.25
38;21;4.25
38;733;4.5
38;673;4.5
38;39;4.5
38;40;4.75
38;231;4.75
38;127;4.75
38;74;8
38;1384;8.5
38;9630;11
38;533;16
38;1802;16
38;1070;20
38;1026;32
38;239;36
38;1029;48
38;974;48
38;1871;60
38;8173;60
38;960;60
38;7342;75
38;427;80.25
38;538;90
38;622;100
38;358;100
40;1802;0
40;38;0
40;116;1.5
40;3025;1.5
40;979;1.75
40;16;3
40;537;3.5
40;21;3.75
40;7344;4.5
40;9730;4.5
40;26758;6
40;1871;10
40;1070;17.5
40;124;32
40;7346;32
40;549;33
40;498;43.5
40;478;48
40;247;48
40;20;48
40;230;48
40;14593;52
40;8173;80.25
41;1871;0.25
41;7344;1
41;358;1
41;533;1
41;673;2.75
41;116;3.25
41;2993;24
41;1029;24
41;1074;32
41;14593;80.25
41;1887;80.25
44;1352;0
44;231;0
44;1942;0.25
44;1802;0.5
44;7346;0.75
44;673;0.75
44;8173;1.5
44;559;1.5
44;1026;2
44;533;2.75
44;358;3
44;7351;3.25
44;7344;3.25
44;529;3.5
44;233;3.5
44;14593;4.25
44;247;4.5
44;1871;4.5
44;73;5
44;1384;8.5
44;18;8.5
44;501;16
44;733;16
44;427;24
44;1070;28
44;1074;39.5
44;126;40
44;1262;48
44;1029;75
44;7323;75
44;116;90
44;12517;100
44;;638
45;732;0
45;75;0
45;16;0
45;7342;0
45;960;0.25
45;538;0.5
45;12517;0.75
45;113;0.75
45;14593;1
45;1020;1
45;11198;1.25
45;3025;1.25
45;37;1.25
45;1029;1.25
45;1164;1.5
45;427;1.5
45;1871;1.5
45;500;1.75
45;73;2.25
45;128;2.5
45;39;2.5
45;472;2.5
45;673;3
45;1266;3.25
45;8173;3.75
45;40;3.75
45;1331;4
45;72;4
45;1011;4.25
45;7344;4.5
45;501;4.75
45;622;4.75
45;730;4.75
45;7346;5
45;6801;10
45;38;16
45;1068;19
45;1262;24
45;974;24
45;1887;24
45;1970;32
45;623;32
45;343;32
45;7334;40.5
45;126;42
45;1802;48
45;7323;52
45;25076;52
45;327;52
45;71;60
45;124;60
45;358;75
45;559;80.25
45;733;90
46;132;0.75
46;1121;1
46;472;1
46;38;1
46;1942;1.5
46;1887;1.75
46;14593;1.75
46;73;2.5
46;1331;2.5
46;11133;2.5
46;533;2.75
46;551;3
46;43;3.25
46;40;3.75
46;2993;4
46;623;4.25
46;59;4.25
46;75;4.25
46;537;5
46;15;5
46;6036;15.5
46;9630;30
46;498;39
46;7334;42
46;730;48
46;2155;80.25
46;1020;80.25
46;11198;80.25
46;39;100
46;;71
47;732;0
47;132;0
47;431;0
47;12517;0
47;7346;0.75
47;358;0.75
47;14593;1
47;74;1
47;16;1
47;7599;1.25
47;960;1.5
47;1011;1.75
47;478;2
47;512;2.5
47;1164;2.5
47;730;2.5
47;1121;2.5
47;15;2.75
47;40;3
47;623;3
47;343;3
47;7342;3.25
47;2993;4
47;537;4
47;6801;4
47;1985;4.5
47;551;4.5
47;8173;4.75
47;73;10
47;500;10
47;1942;16
47;11208;23
47;38;24
47;7334;28.5
47;230;30
47;375;30.5
47;109;32
47;21;32
47;559;48
47;1970;52
47;1262;52
47;233;60
47;545;60
47;231;75
47;11198;75
47;72;75
47;7351;80.25
47;116;80.25
47;733;80.25
47;1020;90
47;59;90
47;2155;90
54;1262;0
54;1331;0.25
54;1352;0.25
54;39;0.25
54;472;0.25
54;16;0.75
54;37;1
54;866;1
54;11198;1
54;73;1
54;512;1.25
54;1020;1.75
54;75;2.75
54;2993;3
54;501;3
54;979;3.25
54;8173;3.5
54;11156;3.75
54;71;3.75
54;1871;4
54;500;4.25
54;1164;4.5
54;7342;4.75
54;121;4.75
54;72;4.75
54;113;4.75
54;124;5
54;673;5
54;733;5
54;623;5
54;1985;10
54;974;10
54;40;16
54;1029;16
54;1070;17.5
54;549;18.5
54;74;20.5
54;1266;24
54;25076;24
54;20;32
54;731;33.5
54;239;35.5
54;17000;40.5
54;14593;52
54;427;75
54;7346;75
54;1011;75
54;478;80.25
54;7344;90
54;1802;100
64;7342;0
64;427;0
64;1331;0.25
64;979;1
64;478;1
64;40;1.5
64;358;1.5
64;472;1.75
64;59;1.75
64;1026;1.75
64;12517;2
64;1266;2.25
64;2207;2.25
64;16;3
64;8173;3
64;623;3.5
64;1262;3.75
64;11198;3.75
64;3025;4.25
64;1942;4.5
64;71;5
64;1070;5.5
64;11208;6.5
64;7344;10
64;1029;16
64;230;18.5
64;14593;24
64;1068;32.5
64;17000;41.5
64;960;52
64;7599;60
64;537;60
64;343;60
64;1871;100
69;979;0
69;19565;0
69;960;0.25
69;733;1
69;25076;1
69;529;1
69;472;1
69;1009;1.5
69;132;2.25
69;39;2.75
69;73;3.25
69;538;3.5
69;732;3.5
69;75;4.25
69;1970;4.5
69;1331;4.5
69;622;4.75
69;1985;4.75
69;1121;10
69;7342;16
69;20;20
69;247;52
69;2155;52
69;19560;52
69;43;60
69;500;60
69;1802;75
69;;139
74;478;0
74;21;0
74;1372;0
74;427;0
74;623;0.5
74;673;0.5
74;7351;0.75
74;533;0.75
74;1020;0.75
74;1352;1
74;7342;1.25
74;1026;1.25
74;75;1.5
74;71;2
74;40;2.25
74;529;2.5
74;7323;2.75
74;1029;2.75
74;116;3
74;8173;3.5
74;72;3.75
74;132;3.75
74;565;4
74;974;4
74;38;4
74;25076;4.25
74;1262;4.25
74;1887;4.75
74;733;5
74;1871;5
74;559;5
74;16;5
74;39;5
74;9730;17.5
74;17000;31.5
74;7599;32
74;731;38
74;247;48
74;1942;60
74;73;60
74;1802;60
74;730;80.25
74;14593;80.25
74;1985;80.25
74;1331;90
74;124;100
76;73;0
76;7344;0.25
76;979;0.5
76;1262;0.75
76;478;0.75
76;1026;1
76;40;1.75
76;12517;1.75
76;16;2.5
76;124;3
76;127;3
76;733;3.25
76;26758;3.5
76;327;3.5
76;11133;4
76;39;4.5
76;7346;4.75
76;21;4.75
76;2207;5
76;673;5
76;1029;5
76;427;10
76;1970;10
76;9630;45.5
76;974;48
76;538;52
76;1985;60
76;501;75
76;25076;80.25
76;116;90
76;7342;90
76;;165
77;7342;0
77;15;0.25
77;1011;0.75
77;7599;0.75
77;529;1
77;730;1
77;327;1
77;545;2
77;231;2
77;1331;2.25
77;25076;3
77;59;3
77;1887;3.75
77;500;4
77;9730;4.5
77;1372;4.75
77;427;10
77;1266;16
77;493;26
77;126;32.5
77;9630;42.5
77;533;52
77;960;52
77;343;80.25
77;247;80.25
77;559;90
77;72;90
77;127;100
77;39;100
78;39;0
78;2993;0
78;14593;0
78;11198;0.25
78;559;0.75
78;1262;0.75
78;40;1
78;533;1.5
78;7342;1.75
78;1026;2
78;113;2
78;1121;2.25
78;233;2.5
78;1942;2.75
78;427;2.75
78;974;2.75
78;11133;3.5
78;109;3.5
78;19560;4
78;1802;4.5
78;545;4.75
78;20;9
78;9630;9.5
78;126;12.5
78;1331;16
78;498;32
78;2031;47
78;673;48
78;1871;52
78;512;52
78;358;52
78;128;60
78;73;60
78;7346;80.25
79;623;0
79;1011;0
79;16;0
79;127;0
79;73;0.5
79;7342;0.5
79;343;0.5
79;7344;0.5
79;1262;1
79;559;1
79;500;1
79;109;1.25
79;733;1.5
79;974;1.75
79;8173;2
79;1331;2
79;1871;2.25
79;124;3
79;1887;3
79;732;3
79;1970;3.25
79;427;3.25
79;1029;3.5
79;1985;3.75
79;21;3.75
79;15;4.5
79;472;4.75
79;37;4.75
79;2993;5
79;233;5
79;3025;10
79;14593;10
79;1802;10
79;26758;19
79;74;20.5
79;730;32
79;1266;32
79;1372;32
79;239;39
79;126;46
79;231;48
79;673;48
79;116;48
79;72;52
79;12517;52
79;1942;75
79;19560;80.25
80;7344;0
80;623;0
80;72;0
80;71;0.25
80;7323;0.25
80;73;0.5
80;1802;0.75
80;979;0.75
80;1331;1.25
80;21;1.25
80;2993;1.5
80;1266;1.5
80;75;2.25
80;124;2.25
80;128;2.25
80;565;2.5
80;733;2.5
80;20;2.5
80;730;2.75
80;1262;3
80;2155;3
80;427;3
80;16;3.25
80;116;3.5
80;343;3.5
80;1887;4
80;233;4
80;11198;4.25
80;12517;4.25
80;40;4.5
80;1011;4.5
80;9630;9.5
80;231;16
80;545;16
80;1164;16
80;472;16
80;529;16
80;3025;16
80;74;19
80;1384;19.5
80;37;24
80;26758;30
80;358;32
80;76;36.5
80;11208;43.5
80;375;45.5
80;1352;48
80;127;48
80;1026;60
80;1871;75
80;538;80.25
80;1942;100
81;7323;0.75
81;960;1
81;1970;1
81;72;1
81;529;1
81;38;1.5
81;40;2.25
81;537;2.5
81;1164;3.25
81;1802;3.5
81;231;3.75
81;866;3.75
81;730;4.5
81;478;4.5
81;2993;4.5
81;1887;4.75
81;17000;9.5
81;1020;10
81;239;19
81;128;24
81;121;52
81;733;80.25
81;59;80.25
81;;728
82;19560;0
82;71;0
82;529;0.5
82;960;0.5
82;38;0.75
82;478;1
82;1011;1
82;2155;1
82;7351;1.75
82;14593;2
82;545;2.25
82;538;2.25
82;730;2.5
82;3025;3
82;1262;3
82;127;3
82;1331;3.25
82;501;3.25
82;128;4
82;75;4
82;537;4.25
82;343;4.5
82;59;5
82;21;5
82;1970;10
82;1871;16
82;1942;24
82;72;32
82;549;37.5
82;16;52
82;1372;60
82;8173;60
82;231;75
82;15;75
82;40;80.25
82;673;100
82;;90
83;732;0
83;2993;0
83;1372;1
83;40;1
83;127;1.25
83;116;1.5
83;25076;1.5
83;1262;1.75
83;472;2
83;1020;2.5
83;500;2.5
83;733;2.75
83;39;3
83;1266;3.25
83;11133;3.5
83;1942;4.25
83;11198;4.25
83;622;4.75
83;126;13
83;124;24
83;501;24
83;9730;27
83;731;30
83;21;32
83;15;32
83;529;32
83;343;48
83;72;75
83;3025;100
83;;361
84;7344;0
84;1331;0.5
84;1970;1.25
84;559;1.5
84;73;2.75
84;1262;3
84;8173;3
84;7323;4.25
84;537;4.5
84;128;10
84;40;10
84;7351;10
84;9730;13.5
84;15;32
84;7599;32
84;113;48
84;1871;48
84;;85
85;1802;0
85;960;0
85;116;0
85;128;0
85;7351;0.25
85;14593;0.5
85;11198;0.5
85;622;1
85;1942;1
85;1352;1
85;8173;1.5
85;7344;1.5
85;358;1.75
85;979;1.75
85;12517;2.25
85;7342;2.5
85;1331;3
85;732;3.25
85;247;3.25
85;230;3.5
85;7599;3.75
85;427;3.75
85;673;4
85;7346;4.25
85;1026;4.25
85;39;4.75
85;72;10
85;1262;10
85;40;16
85;375;18
85;501;24
85;731;35
85;11208;43.5
85;974;48
85;37;60
85;1871;60
85;623;80.25
85;;158
86;11133;0.75
86;40;1
86;39;1
86;960;1.25
86;247;1.75
86;124;1.75
86;1121;2.25
86;1871;3
86;14593;3.5
86;73;4.75
86;127;5
86;1074;11
86;1887;24
86;1384;26.5
86;18;27
86;12517;48
86;733;52
86;538;60
86;1985;80.25
86;2155;100
86;;516
87;39;0
87;1372;0
87;116;0.25
87;12517;0.5
87;732;1
87;233;1
87;7346;1
87;545;1.5
87;673;2.25
87;501;2.75
87;59;3.25
87;8173;3.75
87;434;4.25
87;7342;4.25
87;11198;4.25
87;343;5
87;7599;5
87;1068;9.5
87;960;60
87;427;60
87;559;75
87;529;75
87;14593;90
87;6801;90
87;1009;90
88;478;0
88;1026;0.5
88;1331;0.75
88;16;0.75
88;732;1
88;427;1.25
88;379;1.5
88;979;1.5
88;21;1.75
88;37;2
88;11198;2.25
88;247;2.5
88;730;2.75
88;7599;2.75
88;38;2.75
88;12517;3
88;1970;3
88;501;3.25
88;2155;3.5
88;113;3.5
88;15;4
88;59;4
88;529;4
88;7344;4.25
88;43;4.5
88;960;4.5
88;623;4.75
88;1802;5
88;2993;5
88;6801;10
88;1029;10
88;6036;11
88;673;16
88;7351;16
88;5503;17
88;73;24
88;126;25
88;866;32
88;1887;48
88;1942;48
88;1985;52
88;14593;52
88;7342;52
88;472;75
88;1020;75
88;358;80.25
88;75;80.25
88;1262;90
88;71;90
88;537;90
88;500;100
88;;139
89;2993;0
89;1802;1
89;127;1
89;113;1.25
89;121;1.25
89;231;2
89;533;2
89;478;2.75
89;233;3
89;1970;4
89;1011;4.25
89;75;4.5
89;1352;5
89;500;5
89;20;11.5
89;1068;14
89;960;16
89;15;16
89;9630;22
89;247;32
89;126;33.5
89;498;41
89;5503;44
89;1070;45.5
89;427;52
89;12517;52
89;38;52
89;7342;52
89;16;60
89;37;75
89;7346;80.25
89;537;80.25
89;3025;80.25
89;73;100
90;434;0.5
90;512;5
90;7334;17
90;375;18
90;2031;35.5
91;7323;0
91;11133;0.5
91;673;0.5
91;12517;0.75
91;1262;0.75
91;2207;1
91;427;1
91;14593;1.75
91;233;2
91;116;2
91;1871;2.75
91;1026;3.5
91;11198;4.5
91;979;4.5
91;1011;4.5
91;501;4.75
91;623;4.75
91;37;10
91;18;23.5
91;2031;30.5
91;1802;32
91;6036;42
91;1029;52
91;73;60
91;8173;75
91;247;75
91;2155;80.25
91;7599;90
91;1331;90
91;537;100
92;25076;0.5
92;472;1
92;512;1
92;1011;1.5
92;533;2.25
92;247;3
92;1871;3.5
92;1009;4.75
92;127;4.75
92;7323;5
92;1942;16
92;375;22
92;960;48
92;559;60
92;327;90
92;75;90
92;6801;90
92;;460
93;7342;0
93;1331;0.75
93;3025;0.75
93;14593;1
93;40;1.25
93;11156;1.5
93;673;1.5
93;730;1.5
93;1009;1.75
93;59;2
93;109;2
93;1802;2.25
93;127;2.5
93;979;3
93;247;3
93;7344;3.75
93;8173;3.75
93;11198;4.25
93;1026;4.25
93;1029;4.25
93;116;4.5
93;358;4.75
93;500;10
93;623;10
93;549;11.5
93;26758;22
93;17000;22.5
93;12517;24
93;7346;24
93;974;24
93;19565;32
93;231;60
93;1942;80.25
93;379;80.25
93;1262;100
93;21;100
94;75;0.75
94;1352;1
94;500;1
94;960;1
94;1121;1
94;1970;1.25
94;1871;1.5
94;40;1.75
94;1011;1.75
94;73;2
94;733;2.25
94;2155;2.75
94;43;3
94;247;3
94;11198;3.25
94;1802;3.5
94;16;4.25
94;113;5
94;1331;5
94;9630;24
94;239;37
94;18;37.5
94;74;38
94;343;52
94;1262;80.25
94;478;80.25
94;529;90
94;109;90
94;12517;100
95;1262;0.25
95;1372;0.5
95;537;1
95;59;1.25
95;109;1.25
95;71;1.25
95;529;1.25
95;501;1.5
95;1011;1.75
95;1871;2.5
95;1887;3
95;2155;3
95;866;3.25
95;124;3.25
95;327;3.5
95;1266;4
95;343;4.25
95;231;4.5
95;1970;4.5
95;2031;19.5
95;73;24
95;113;24
95;732;52
95;11133;52
95;2993;60
95;3025;80.25
95;622;100
96;979;0.5
96;1331;0.5
96;1372;0.75
96;1970;0.75
96;16;1.25
96;538;1.25
96;59;1.25
96;1871;1.5
96;7599;1.5
96;622;2
96;343;2
96;1266;2.5
96;39;2.75
96;38;3
96;1011;3.25
96;2155;3.25
96;1887;3.25
96;124;3.5
96;2993;3.5
96;1802;4
96;733;4.5
96;3025;4.75
96;73;4.75
96;478;5
96;7351;5
96;17000;6.5
96;14593;10
96;1020;10
96;5503;11
96;529;16
96;239;31
96;7342;32
96;230;44
96;545;48
96;11198;48
96;1164;75
96;43;75
96;247;80.25
96;1985;80.25
96;25076;80.25
97;1164;0
97;1352;0
97;960;0
97;1871;0.25
97;7346;0.5
97;8173;1
97;73;1
97;538;1.25
97;427;1.25
97;128;1.5
97;247;1.5
97;12517;2
97;1020;2.5
97;15;2.5
97;59;2.5
97;1942;2.75
97;1985;2.75
97;358;3
97;11198;3.75
97;478;4
97;501;4.5
97;529;4.75
97;127;5
97;230;13.5
97;3025;16
97;500;16
97;126;21.5
97;71;24
97;343;24
97;7351;24
97;39;32
97;26758;39
97;17000;40
97;375;45.5
97;1887;48
97;1262;48
97;979;52
97;21;52
97;14593;60
97;537;75
97;1331;80.25
97;732;90
97;1029;100
97;434;100
98;16;0
98;979;0
98;1011;0
98;673;0.5
98;1802;1
98;7344;1
98;11198;1
98;7599;1
98;1970;1.25
98;39;1.5
98;124;2.5
98;8173;3
98;1887;3.5
98;113;4
98;427;4.25
98;1942;4.75
98;1331;4.75
98;127;5
98;498;9
98;7351;10
98;501;10
98;1384;11
98;230;15
98;960;16
98;1985;24
98;537;32
98;549;45.5
98;472;48
98;7342;52
98;533;52
98;732;60
98;431;75
98;500;80.25
98;1164;90
98;109;90
98;37;100
98;538;100
98;;647
99;75;0
99;71;0.25
99;76;0.5
99;128;1
99;979;1
99;21;1
99;59;1
99;533;1.75
99;1970;1.75
99;1887;2.25
99;7342;2.5
99;73;2.5
99;472;3.25
99;1121;4
99;1164;4.25
99;1985;4.5
99;38;4.5
99;500;4.75
99;1384;9
99;18;9
99;43;10
99;537;16
99;1011;16
99;733;16
99;17000;21.5
99;1331;24
99;7351;24
99;5503;31
99;2031;34.5
99;126;48
99;113;52
99;72;80.25
99;732;80.25
99;2155;90
99;622;100
100;545;0
100;7342;0
100;71;0
100;1970;0.5
100;1942;0.75
100;14593;1
100;11133;1
100;551;1.25
100;1266;1.5
100;113;2
100;8173;2
100;73;2.25
100;427;2.75
100;673;2.75
100;40;3
100;478;3
100;12517;3.5
100;1331;3.5
100;38;3.75
100;960;3.75
100;1871;5
100;74;9
100;25076;10
100;9630;11
100;9630;22.5
100;549;26
100;72;32
100;128;32
100;529;48
100;233;60
100;1011;60
100;2993;75
101;1262;0
101;537;0
101;472;0.5
101;1029;0.5
101;71;0.5
101;673;0.75
101;730;0.75
101;7344;1
101;1887;1
101;116;1
101;40;1.5
101;733;1.75
101;478;2
101;427;2.25
101;732;2.25
101;1802;2.5
101;1266;3.25
101;1011;4.25
101;1942;4.25
101;43;4.5
101;1372;4.5
101;960;4.5
101;12517;4.5
101;7346;10
101;39;10
101;9730;14
101;38;16
101;1331;32
101;14593;48
101;7342;52
101;3025;52
101;7599;80.25
101;1871;100
101;974;100
102;21;0
102;1942;0.5
102;427;0.75
102;1262;1
102;732;1.25
102;121;1.25
102;2993;1.25
102;72;1.25
102;19565;1.25
102;16;1.25
102;974;1.5
102;233;1.5
102;11198;1.5
102;75;1.75
102;40;2.5
102;7344;2.5
102;8173;2.5
102;1871;3
102;14593;3.75
102;1029;4.25
102;1372;4.25
102;59;4.25
102;1970;4.5
102;1068;4.5
102;11156;4.75
102;12517;5
102;26758;17
102;74;19
102;1068;23
102;1802;24
102;7342;24
102;1026;32
102;2031;34
102;7334;45.5
102;116;48
102;7346;52
102;529;52
102;673;60
102;113;75
102;1331;80.25
102;3025;90
102;1009;100
102;343;100
103;733;0
103;1802;0
103;6801;0.25
103;1887;1.25
103;623;1.25
103;7342;2.25
103;2207;2.25
103;233;2.5
103;1942;3.5
103;16;3.75
103;1262;4.25
103;71;4.25
103;979;4.25
103;730;5
103;7599;10
103;545;24
103;1970;24
103;7334;40
103;231;52
103;472;60
103;501;75
103;109;90
103;75;90
103;565;100
104;1029;0
104;113;0
104;1942;0.25
104;1802;0.25
104;14593;1
104;12517;1
104;231;1
104;7342;1.5
104;358;1.5
104;7351;1.5
104;1026;1.75
104;132;2.25
104;16;2.5
104;11198;2.75
104;478;2.75
104;537;3
104;1262;3.5
104;1331;3.75
104;7346;4.75
104;8173;4.75
104;20;18
104;116;24
104;1871;24
104;498;29.5
104;427;32
104;126;34
104;673;52
105;43;0
105;1029;0
105;72;0
105;1011;0.5
105;21;1
105;19565;1.25
105;75;1.5
105;1331;1.75
105;1121;2
105;472;3
105;16;3.5
105;7599;3.5
105;59;4
105;1887;4.25
105;1262;4.5
105;533;5
105;7342;5
105;731;16
105;25076;24
105;7344;32
105;1074;33.5
105;498;45.5
105;116;52
105;1266;52
105;2993;80.25
105;11156;80.25
105;559;100
106;1266;0
106;7344;0
106;733;0.25
106;537;0.5
106;427;0.75
106;1352;1
106;72;1.5
106;14593;1.5
106;8173;1.75
106;74;2.5
106;15;3
106;1262;3
106;1164;3
106;478;3.25
106;7342;4
106;116;4.25
106;974;16
106;493;17.5
106;375;19
106;1942;32
106;673;32
106;1384;47.5
106;7599;48
106;559;48
106;247;48
106;233;52
106;11198;52
106;1029;75
107;2207;0
107;1942;0.5
107;38;0.5
107;1262;0.75
107;1011;0.75
107;8173;0.75
107;124;1
107;1029;1.75
107;545;2.25
107;247;2.25
107;71;2.25
107;1871;2.5
107;73;2.75
107;1802;2.75
107;673;3
107;75;3.25
107;7346;4.5
107;358;4.5
107;17000;9
107;427;10
107;565;10
107;18;10.5
107;72;16
107;12517;16
107;3025;24
107;512;24
107;1331;24
107;1068;27.5
107;1384;41
107;731;43
107;74;45
107;1070;46
107;1121;48
107;1026;52
107;7344;52
107;732;75
107;11198;75
107;116;90
108;1887;0
108;16;0.25
108;15;1
108;1266;1
108;3025;1
108;1372;1.25
108;11156;1.5
108;434;1.75
108;1871;2
108;113;2.25
108;538;2.5
108;109;2.75
108;40;3.25
108;7331;3.25
108;121;3.5
108;623;3.75
108;8173;4.25
108;478;4.5
108;25076;4.75
108;960;5
108;43;10
108;19565;10
108;7599;10
108;20;15.5
108;1970;16
108;239;27.5
108;7342;48
108;1331;52
108;233;52
108;529;60
108;1942;75
108;1011;80.25
108;551;80.25
108;247;100
109;25076;0
109;538;1
109;1020;1.5
109;979;2.75
109;537;2.75
109;960;3.5
109;71;3.5
109;478;4.5
109;43;4.75
109;1384;7.5
109;124;10
109;128;10
109;730;16
109;76;21.5
109;72;32
109;109;48
109;1887;60
109;7342;80.25
109;116;90
110;529;0.75
110;1020;1
110;37;1.75
110;622;1.75
110;1331;2.25
110;73;3
110;40;3.75
110;39;4
110;43;4.5
110;231;5
110;16;5
110;15;16
110;623;16
110;1887;16
110;375;18
110;493;23.5
110;230;30.5
110;533;32
110;501;32
110;549;41
110;9630;44
110;9730;48
110;247;48
110;500;60
110;7599;80.25
111;974;0
111;733;0
111;1262;0
111;116;0.25
111;233;0.25
111;14593;0.75
111;7599;1
111;16;1.75
111;12517;2
111;37;3
111;1266;3.5
111;1011;3.5
111;622;4
111;545;4.25
111;8173;4.5
111;427;4.5
111;501;5
111;2993;5
111;1070;13.5
111;6036;14
111;7323;16
111;40;16
111;25076;16
111;1384;22
111;1970;24
111;127;24
111;7351;24
111;11208;34.5
111;343;48
111;730;52
111;1352;60
111;673;75
111;39;75
111;1331;90
111;75;100
112;71;0
112;358;0
112;6801;0
112;59;0.25
112;231;0.5
112;1331;1
112;11208;1
112;1029;1.25
112;478;1.25
112;472;1.75
112;1262;1.75
112;37;1.75
112;12517;2
112;25076;2.25
112;72;2.5
112;247;2.75
112;537;3
112;1871;3
112;1942;3.25
112;2993;3.25
112;14593;3.5
112;7344;3.75
112;75;4.75
112;1020;4.75
112;7323;4.75
112;1068;5
112;233;10
112;979;16
112;1802;24
112;7342;24
112;732;32
112;9630;32
112;8173;32
112;15;32
112;76;42.5
112;498;45.5
112;11198;80.25
112;1970;90
112;427;90
112;43;100
113;537;0
113;478;0.25
113;1011;0.5
113;7323;1
113;538;1.5
113;72;1.75
113;529;2
113;501;2.5
113;132;3.75
113;8173;3.75
113;733;4
113;121;4.25
113;1985;4.75
113;71;4.75
113;75;5
113;126;12
113;1942;16
113;1970;16
113;7344;16
113;233;16
113;11156;24
113;21;24
113;11133;80.25
113;623;90
113;247;90
113;38;90
113;343;100
113;;683
114;231;4.75
114;239;26.5
114;472;48
114;14593;75
114;;682
115;1942;0
115;427;0.25
115;733;1
115;1802;1
115;327;1
115;1262;1.25
115;233;1.25
115;1331;1.25
115;7323;1.5
115;21;1.5
115;1871;1.5
115;1020;1.75
115;38;1.75
115;1970;2.25
115;478;2.5
115;974;2.5
115;472;2.5
115;7346;2.75
115;73;2.75
115;7344;3.25
115;40;4
115;11198;4.5
115;673;4.75
115;358;5
115;1985;5
115;1026;5
115;12517;10
115;7351;16
115;126;24
115;1384;31.5
115;11208;47
115;8173;48
115;116;48
115;14593;60
115;1029;90
115;1266;100
115;960;100
116;40;0.25
116;25076;0.75
116;19560;0.75
116;1985;1
116;1871;1.25
116;1331;1.25
116;7331;1.75
116;8173;2
116;1372;2.25
116;1942;2.75
116;231;3
116;1266;3
116;1802;3.25
116;427;3.25
116;529;3.75
116;434;4
116;113;4
116;2993;4.25
116;7344;4.25
116;16;4.5
116;21;4.75
116;7342;4.75
116;1887;4.75
116;559;10
116;20;12.5
116;731;14.5
116;1070;29
116;76;37
116;9730;41.5
116;19565;48
116;15;52
116;1262;60
116;979;75
117;8173;0
117;14593;0
117;565;0
117;1352;0
117;116;0.25
117;11198;0.5
117;1871;0.5
117;7346;0.75
117;7344;1
117;126;1
117;327;1
117;109;1
117;37;2
117;1029;2.25
117;974;2.5
117;1802;2.5
117;1331;2.75
117;7342;3
117;247;3
117;1020;3.5
117;358;3.75
117;733;4
117;1026;4
117;343;4
117;673;4.75
117;75;4.75
117;545;10
117;1262;24
117;1887;32
117;427;32
117;2993;48
117;73;48
117;15;52
117;732;60
117;1942;60
117;2155;80.25
117;21;90
117;1266;90
117;537;100
117;;558
118;72;0.5
118;623;0.75
118;19560;1
118;7323;1.5
118;559;1.5
118;12517;1.75
118;533;1.75
118;1029;2.5
118;40;3.25
118;1871;3.5
118;974;4.25
118;730;4.75
118;1011;5
118;18;21
118;1074;31.5
118;498;35
118;11208;35.5
118;239;39.5
118;732;75
118;538;100
119;327;0
119;1970;0.75
119;1011;1.5
119;673;1.75
119;537;2.25
119;12517;2.5
119;1331;2.75
119;2031;6.5
119;549;10.5
119;43;16
119;20;34
119;6036;43.5
120;1121;0
120;537;0
120;379;0.75
120;1020;0.75
120;529;1.25
120;21;1.5
120;434;1.5
120;73;1.75
120;1871;2
120;7344;2.25
120;730;3.25
120;622;3.25
120;11133;3.5
120;733;3.5
120;25076;4
120;1266;4.25
120;623;4.75
120;14593;4.75
120;478;4.75
120;731;6
120;6036;16
120;1262;16
120;1029;16
120;2031;20
120;493;26.5
120;2155;32
120;16;32
120;7342;32
120;26758;33.5
120;1887;52
120;979;52
120;124;60
120;1942;75
120;59;75
121;7342;0
121;1942;0
121;21;0
121;132;0
121;501;0.5
121;979;1
121;116;1.25
121;1266;1.75
121;7599;2
121;500;2.25
121;127;2.25
121;622;2.5
121;16;2.5
121;38;2.5
121;960;2.75
121;75;3
121;730;3.25
121;231;3.75
121;1372;3.75
121;121;4
121;15;4
121;6801;4
121;1871;4
121;8173;4
121;25076;4.25
121;109;4.25
121;7344;5
121;1262;5
121;128;5
121;76;9.5
121;1985;10
121;529;16
121;1074;18.5
121;493;24
121;14593;24
121;7351;32
121;230;42.5
121;37;48
121;1020;48
121;43;48
121;247;48
121;673;52
121;1887;60
121;533;90
121;113;90
121;7323;100
121;;491
122;549;0.5
122;7342;1.25
122;733;1.5
122;11198;1.75
122;1070;3.5
122;1266;4.5
122;116;4.75
122;358;5
122;9630;15.5
122;529;16
122;1871;16
122;3025;32
122;11208;41.5
122;1331;52
122;7346;52
123;623;0.5
123;498;0.5
123;8173;1.25
123;559;1.5
123;1121;1.5
123;730;2.25
123;512;3.5
123;533;4
123;113;4.5
123;73;5
123;537;16
123;72;16
123;7344;24
123;529;24
123;76;28.5
123;1068;31
123;11208;41
123;493;42
123;2031;43.5
123;434;48
123;500;52
123;1331;75
123;1970;90
123;1262;100
124;7323;0
124;14593;0.25
124;1029;0.5
124;2993;0.75
124;427;1
124;128;1
124;116;1
124;559;1
124;113;1
124;2155;1.25
124;472;1.25
124;11198;1.25
124;7351;2.25
124;7344;2.25
124;7346;2.5
124;974;3
124;960;3
124;25076;3.25
124;1871;3.25
124;1942;3.75
124;21;4
124;11133;4
124;673;4.5
124;501;4.5
124;327;5
124;1020;10
124;1011;10
124;7334;14
124;731;22.5
124;537;24
124;247;24
124;623;24
124;478;32
124;2031;40
124;1331;52
124;1262;60
124;1802;75
124;431;75
124;358;80.25
124;538;90
124;7342;100
124;37;100
125;1970;0
125;7346;0
125;1011;0
125;960;0
125;74;0
125;7342;0.25
125;1029;0.25
125;15;0.5
125;113;1
125;25076;1
125;1871;1
125;1887;1.25
125;1942;1.75
125;12517;1.75
125;116;1.75
125;18;2
125;7344;2
125;545;2.25
125;1331;2.25
125;1352;2.5
125;673;2.5
125;358;3
125;2993;3.75
125;75;3.75
125;5503;4.5
125;7323;4.75
125;559;5
125;8173;10
125;1070;10.5
125;126;13.5
125;9730;20.5
125;11198;24
125;26758;30.5
125;1026;32
125;2031;39
125;7334;44
125;974;48
125;733;48
125;14593;60
125;427;90
125;501;90
126;1942;0
126;59;0.75
126;14593;1
126;1029;1
126;37;1.25
126;529;1.75
126;1020;1.75
126;7323;2
126;533;2
126;673;2.25
126;7344;2.25
126;358;2.75
126;128;2.75
126;960;2.75
126;1352;3
126;6801;3.25
126;732;3.5
126;478;3.5
126;1372;3.75
126;71;4
126;109;4
126;2993;4
126;247;4.75
126;7342;5
126;40;16
126;501;16
126;5503;22
126;1074;31
126;2031;38.5
126;8173;52
126;559;75
126;434;75
126;127;80.25
126;1802;90
127;529;0
127;12517;1
127;622;1
127;533;1
127;343;1
127;537;1
127;501;1.75
127;72;1.75
127;1942;1.75
127;1262;2
127;247;2.25
127;59;2.5
127;21;2.5
127;7342;2.75
127;132;3
127;14593;3
127;109;3.25
127;1121;3.25
127;358;3.5
127;500;4
127;866;4.25
127;38;4.75
127;26758;13
127;538;16
127;498;21.5
127;2155;32
127;1372;48
127;116;48
127;1802;90
127;40;90
127;121;90
127;37;100
127;1020;100
127;7344;100
127;11198;100
128;1121;0.25
128;501;1
128;1887;1
128;37;1.25
128;12517;1.25
128;121;1.5
128;2155;1.75
128;16;2
128;979;2
128;529;3.5
128;960;4.5
128;1262;4.5
128;9730;28
128;1164;32
128;14593;32
128;7334;38.5
128;11208;46.5
128;1020;48
128;132;52
128;231;60
129;11156;0
129;40;0.25
129;25076;0.75
129;500;1
129;1942;1
129;39;1.25
129;1887;1.5
129;7344;1.5
129;7346;1.75
129;37;1.75
129;2155;1.75
129;1026;2
129;1266;2.25
129;7351;2.25
129;12517;2.25
129;231;2.25
129;512;2.25
129;733;3.25
129;5503;3.5
129;73;3.5
129;18;4
129;11133;4.25
129;533;4.5
129;11198;4.5
129;1331;4.75
129;1121;4.75
129;979;4.75
129;75;5
129;358;5
129;375;7
129;1011;10
129;1068;11.5
129;26758;12
129;427;16
129;549;19
129;233;24
129;116;24
129;9730;27.5
129;478;32
129;8173;32
129;3025;32
129;731;36
129;76;36.5
129;7334;36.5
129;230;39.5
129;20;39.5
129;11208;41
129;2031;41.5
129;498;43
129;239;43.5
129;1074;47
129;109;48
129;1871;75
129;960;75
129;472;80.25
130;39;0.25
130;233;1.25
130;1331;1.75
130;529;2.25
130;1970;3
130;1871;3.25
130;537;3.25
130;559;3.25
130;11198;3.5
130;1164;3.5
130;75;4
130;73;4.5
130;1887;5
130;2031;8
130;126;13
130;26758;15
130;960;24
130;9730;28
130;239;40
130;1020;48
130;11133;52
130;38;52
130;500;52
130;1262;80.25
130;1372;80.25
130;7344;80.25
130;434;90
130;1942;100
130;71;100
131;127;0
131;427;0
131;7599;1.25
131;1802;1.25
131;358;2.25
131;21;2.75
131;551;3
131;2155;3.75
131;233;4
131;1942;5
131;16;5
131;731;8.5
131;2031;14
131;231;16
131;37;16
131;1068;20.5
131;121;32
131;74;40
131;375;41.5
131;512;48
131;1970;48
131;1871;52
131;559;52
131;533;60
131;1262;60
131;7342;75
131;500;75
132;979;0.5
132;501;0.75
132;500;1
132;960;1.5
132;11156;1.75
132;12517;2
132;14593;2.25
132;622;2.5
132;1887;2.5
132;11198;3
132;1121;3.25
132;7331;3.25
132;231;3.5
132;1802;4
132;124;4
132;2155;4.5
132;733;4.75
132;2031;10
132;1970;16
132;239;25.5
132;866;80.25
133;623;0
133;11198;0.5
133;1942;0.5
133;427;1
133;7342;1.25
133;358;1.5
133;121;1.75
133;537;2
133;733;2
133;116;2.25
133;72;2.75
133;40;3.25
133;472;3.25
133;493;3.5
133;1331;4
133;960;4
133;1970;4.25
133;1802;4.25
133;37;5
133;529;10
133;11133;24
133;2031;26
133;9730;27.5
133;1070;29
133;230;43.5
133;233;48
133;1262;80.25
134;124;0
134;127;0
134;14593;0
134;1887;0
134;11133;0
134;1970;0.25
134;73;1
134;8173;1
134;116;1
134;500;1.25
134;501;1.5
134;25076;2.25
134;7342;2.25
134;7351;2.5
134;1029;3
134;1262;3.25
134;11198;3.5
134;434;4.25
134;1942;4.75
134;537;5
134;2031;5
134;7344;10
134;7334;11.5
134;109;16
134;1331;16
134;231;16
134;230;22.5
134;76;24.5
134;11208;30.5
134;731;38.5
134;5503;44
134;549;48
134;39;75
134;960;80.25
134;233;80.25
134;3025;90
134;1802;90
134;673;100
135;11198;0
135;128;0
135;979;0
135;673;0.75
135;1331;0.75
135;73;1
135;75;1
135;21;1
135;8173;1
135;559;1
135;533;1
135;1020;1
135;16;1
135;15;1
135;233;1.5
135;132;1.75
135;1871;1.75
135;2155;2
135;231;2
135;7346;2.25
135;1121;2.5
135;1942;2.5
135;6801;3
135;1887;3.25
135;1262;3.25
135;12517;3.25
135;478;3.75
135;38;4
135;7599;4
135;358;4.5
135;1164;5
135;1068;7
135;622;10
135;230;11.5
135;113;16
135;960;16
135;59;16
135;7334;18
135;529;24
135;116;24
135;6036;32.5
135;1970;48
135;1011;48
135;14593;48
135;121;52
135;974;52
135;37;52
135;72;52
135;427;75
135;40;75
135;431;80.25
135;501;80.25
135;1266;90
135;7351;90
136;529;0
136;537;0
136;12517;0
136;623;0
136;960;0.5
136;7344;0.75
136;7342;1.25
136;124;1.25
136;1985;1.25
136;15;1.75
136;1802;1.75
136;559;2
136;75;2
136;500;2
136;673;2.25
136;1871;2.25
136;8173;2.25
136;247;2.25
136;1887;2.5
136;2993;2.5
136;21;2.5
136;6801;2.5
136;545;2.75
136;533;2.75
136;1942;3
136;2155;3
136;478;3.25
136;231;3.5
136;1011;3.75
136;116;4
136;427;4
136;11198;4
136;38;4
136;233;4.25
136;7599;4.25
136;1026;4.5
136;358;4.5
136;431;4.75
136;730;4.75
136;1331;5
136;7346;5
136;472;10
136;1164;10
136;493;12
136;11208;20
136;230;23
136;127;24
136;1970;24
136;126;25.5
136;26758;28.5
136;732;52
136;113;60
136;59;60
136;14593;60
136;343;75
136;434;75
136;538;75
136;121;80.25
136;1262;90
136;;399
137;379;0
137;59;0
137;37;0.5
137;538;0.5
137;6801;0.75
137;500;1.5
137;71;1.5
137;73;1.75
137;343;2
137;2155;2.75
137;14593;2.75
137;1352;3
137;979;3.25
137;43;3.25
137;11198;3.75
137;1887;4
137;427;4.5
137;1331;4.5
137;1266;4.75
137;247;5
137;2031;8
137;231;10
137;38;10
137;12517;32
137;537;60
137;565;75
137;1871;75
137;478;75
137;733;80.25
137;673;100
138;427;0
138;1802;0
138;974;0
138;128;0.25
138;11198;0.25
138;8173;0.5
138;19560;0.5
138;72;0.75
138;12517;1
138;1942;1
138;500;1
138;1026;1.25
138;7344;1.25
138;40;1.75
138;866;1.75
138;247;2
138;19565;2.75
138;358;3
138;979;3
138;732;3
138;1121;3.5
138;7346;3.5
138;478;3.75
138;1262;3.75
138;59;4.25
138;1871;10
138;9730;19
138;7342;24
138;2993;24
138;545;24
138;529;24
138;14593;32
138;1074;42.5
138;498;44
138;1331;48
138;673;52
138;533;52
138;113;52
138;1011;75
138;1029;75
138;;594
139;673;0
139;478;0
139;732;0
139;1887;0
139;730;0.25
139;75;0.5
139;73;0.75
139;6801;1.25
139;7323;1.75
139;12517;2.25
139;37;2.75
139;11198;3.25
139;1331;3.5
139;1011;3.75
139;132;3.75
139;960;3.75
139;1164;3.75
139;8173;4.25
139;1970;4.25
139;71;4.75
139;1262;5
139;74;19.5
139;498;21.5
139;7334;28
139;343;32
139;20;43
139;622;48
139;472;48
139;1942;52
139;533;80.25
139;14593;80.25
139;38;90
140;127;0
140;2155;0
140;21;1.75
140;124;2
140;233;2.5
140;622;2.75
140;26758;3
140;1331;3
140;537;3.25
140;73;3.25
140;538;3.25
140;960;3.5
140;11133;3.75
140;39;4.5
140;327;4.5
140;730;4.75
140;3025;4.75
140;1352;5
140;25076;5
140;132;5
140;501;10
140;14593;16
140;247;24
140;40;52
140;75;52
140;343;60
140;71;75
140;1802;80.25
140;673;80.25
140;1262;100
140;;164
141;1331;0.75
141;116;1.5
141;551;1.5
141;1942;1.5
141;1266;1.75
141;2155;1.75
141;1887;2
141;7344;3.25
141;39;3.5
141;673;3.5
141;8173;3.75
141;1026;4.25
141;2207;4.5
141;478;4.75
141;25076;5
141;533;10
141;7342;10
141;74;15.5
141;623;16
141;12517;16
141;529;24
141;239;36.5
141;11208;41.5
141;21;48
141;16;52
141;512;52
141;37;75
141;1802;80.25
141;6801;80.25
141;71;100
141;1121;100
142;1121;0
142;730;0
142;12517;0
142;427;1
142;116;1.25
142;233;1.75
142;38;1.75
142;21;2
142;533;2
142;247;2.25
142;501;2.5
142;7351;2.75
142;343;3
142;121;3
142;16;3.25
142;7323;3.75
142;9630;4
142;549;4
142;529;4.25
142;109;4.25
142;565;4.5
142;979;4.75
142;72;4.75
142;974;5
142;1331;10
142;1802;10
142;1871;16
142;358;24
142;1942;24
142;128;24
142;1011;32
142;1074;33.5
142;11198;48
142;124;52
142;960;60
142;127;75
142;1262;75
142;545;80.25
142;73;90
142;8173;90
143;12517;0
143;75;0.75
143;529;1
143;1026;1.25
143;127;1.25
143;128;1.5
143;565;1.5
143;8173;1.75
143;1331;1.75
143;116;1.75
143;559;2
143;21;2.25
143;358;2.25
143;1802;2.5
143;15;3
143;673;3.5
143;1164;3.75
143;1262;3.75
143;1942;4
143;343;4
143;7342;4.25
143;974;4.25
143;5503;13
143;478;16
143;1074;20.5
143;427;24
143;7346;24
143;74;27.5
143;11198;32
143;18;34
143;26758;42
143;1352;48
143;7344;60
143;1887;60
143;1871;75
143;37;75
144;1802;0
144;25076;2.25
144;673;2.5
144;14593;3.25
144;1029;3.25
144;116;3.5
144;427;4.25
144;7334;6
144;549;8.5
144;6801;24
144;1070;39.5
144;11198;75
144;;272
145;8173;0
145;109;0
145;233;0
145;40;0.25
145;1011;0.25
145;533;0.5
145;7599;0.5
145;73;0.5
145;71;1.5
145;1164;3.25
145;979;3.25
145;960;3.75
145;1020;5
145;538;5
145;2993;16
145;72;32
145;239;42
145;5503;47.5
145;16;90
145;866;100
146;673;0
146;730;0.25
146;7344;0.5
146;622;1
146;1942;1
146;14593;1
146;529;1
146;72;1.25
146;1331;1.25
146;127;1.25
146;733;1.75
146;40;1.75
146;1262;2
146;1020;2.25
146;974;3.25
146;1372;3.25
146;59;3.5
146;1026;3.75
146;12517;3.75
146;500;3.75
146;11198;4
146;2155;4.5
146;537;5
146;7351;5
146;5503;14.5
146;76;17.5
146;38;24
146;1985;24
146;375;26.5
146;6801;32
146;8173;32
146;979;32
146;1070;34.5
146;74;40.5
146;960;48
146;472;48
146;3025;52
146;11133;52
146;478;60
146;116;60
146;559;60
146;533;60
146;1970;90
146;71;100
146;358;100
147;538;0
147;478;0.5
147;38;1
147;19560;1
147;72;1
147;1011;2
147;1372;2.25
147;673;3.25
147;960;4.5
147;1331;4.5
147;1121;4.75
147;74;9
147;3025;32
147;431;52
147;2155;75
147;537;75
147;12517;75
147;25076;80.25
147;730;80.25
147;472;100
148;673;0
148;11156;0
148;11198;0
148;1029;0.25
148;2993;0.5
148;8173;0.5
148;2031;0.5
148;7599;1
148;1802;1
148;1164;1.5
148;1026;2.75
148;11133;3
148;1331;3
148;1871;3
148;7342;3.5
148;40;3.5
148;1887;3.75
148;247;3.75
148;19560;4.25
148;533;4.25
148;7331;4.25
148;132;4.5
148;16;4.75
148;1942;5
148;622;10
148;14593;10
148;72;16
148;239;23.5
148;1070;30
148;375;47.5
148;12517;48
148;529;48
148;7351;80.25
148;116;80.25
148;1020;90
149;12517;0
149;1871;0
149;11198;1
149;960;1.5
149;1372;2.25
149;733;4.5
149;1985;4.75
149;472;4.75
149;116;4.75
149;109;5
149;974;10
149;358;10
149;1029;16
149;231;16
149;126;24
149;1802;24
149;1331;32
149;673;32
149;11208;35
149;1026;52
149;8173;80.25
149;1262;90
149;427;90
149;1942;90
149;124;100
149;;36
150;39;0
150;1871;0
150;673;0
150;343;0.75
150;124;0.75
150;1802;0.75
150;472;1
150;866;1
150;1262;1
150;1887;1
150;960;1.25
150;7323;1.25
150;478;1.5
150;15;1.5
150;16;1.75
150;732;2
150;14593;2.25
150;730;2.25
150;529;2.25
150;231;2.5
150;533;2.5
150;537;2.75
150;1011;2.75
150;7351;2.75
150;979;3
150;1942;3
150;75;3
150;1331;3.5
150;1372;3.5
150;559;3.75
150;43;3.75
150;59;4
150;132;4
150;5503;4
150;113;4
150;37;4.25
150;11198;4.5
150;327;4.75
150;974;4.75
150;622;10
150;7344;10
150;6036;11
150;73;16
150;733;16
150;8173;24
150;1985;24
150;498;26.5
150;76;28.5
150;1068;45.5
150;7342;48
150;1026;48
150;2155;48
150;1029;80.25
150;40;80.25
150;12517;90
150;358;100