id_videojuego;mensualidad
9730;6500
1384;6500
493;8000
731;9500
26758;7000
1068;6500
126;6500
9630;5000
9630;5000
20;8000
20;8000
239;5000
1074;8500
498;5000
1070;5500
74;4000
11208;3000
18;5000
76;9500
17000;5500
17000;5500
9630;5000
9630;5000
375;9500
375;9500
230;7500
20;8000
20;8000
6036;3500
6036;3500
549;4000
375;9500
375;9500
5503;5000
17000;5500
17000;5500
2031;5000
7334;4500
6036;3500
6036;3500